from,to
Adrian,Janne
Adrian,Elia
Adrian,Yael
Adrian,Kai
Adrian,Kim
Alexis,Lee
Alexis,Sascha
Alexis,Jean
Alexis,Janis
Alexis,Jule
Benja,Florin
Benja,Dany
Benja,Chris
Benja,Gabriel
Benja,Nicki
Charlie,Conny
Charlie,Sanja
Charlie,Lou
Charlie,Tomke
Charlie,Nicki
Chris,Gabriel
Chris,Florin
Chris,Dany
Chris,Benja
Chris,Jule
Conny,Charlie
Conny,Lou
Conny,Sanja
Conny,Tomke
Conny,Sascha
Dany,Chris
Dany,Gabriel
Dany,Florin
Dany,Benja
Dany,Adrian
Dominique,Sam
Dominique,Marlin
Dominique,Lucian
Dominique,Luca
Dominique,Robin
Elia,Janne
Elia,Adrian
Florin,Dany
Florin,Gabriel
Florin,Chris
Florin,Benja
Florin,Adrian
Gabriel,Chris
Gabriel,Florin
Gabriel,Dany
Gabriel,Benja
Gabriel,Nicki
Gerit,Jamie
Gerit,Maxi
Gerit,Kai
Gerit,Remy
Janis,Jean
Janis,Lee
Janis,Alexis
Janis,Sascha
Janis,Jule
Janne,Elia
Janne,Adrian
Jean,Janis
Jean,Lee
Jean,Alexis
Jean,Jule
Jean,Sascha
Jule,Kim
Jule,Noel
Jule,Remy
Jule,Marlin
Jule,Robin
Jamie,Gerit
Jamie,Kai
Jamie,Maxi
Jamie,Remy
Jamie,Dominique
Kai,Jamie
Kai,Maxi
Kai,Gerit
Kai,Kim
Kai,Dominique
Karli,Ulli
Karli,Quinn
Karli,Momo
Karli,Kirsten
Karli,Dany
Kirsten,Karli
Kirsten,Ulli
Kirsten,Quinn
Kirsten,Momo
Kirsten,Florin
Kim,Jule
Kim,Remy
Kim,Noel
Kim,Kai
Kim,Robin
Lee,Alexis
Lee,Sascha
Lee,Sanja
Lee,Jean
Lee,Janis
Lou,Conny
Lou,Charlie
Lou,Tomke
Lou,Quinn
Lou,Momo
Luca,Lucian
Luca,Dominique
Luca,Robin
Luca,Sam
Luca,Marlin
Lucian,Robin
Lucian,Dominique
Lucian,Marlin
Lucian,Luca
Lucian,Sam
Marlin,Sam
Marlin,Lucian
Marlin,Dominique
Marlin,Kim
Marlin,Kai
Maxi,Kai
Maxi,Gerit
Maxi,Jamie
Maxi,Remy
Momo,Quinn
Momo,Ulli
Momo,Karli
Momo,Lou
Momo,Kirsten
Nicki,Gabriel
Nicki,Chris
Nicki,Janis
Nicki,Jean
Nicki,Benja
Noel,Kim
Noel,Remy
Noel,Jule
Noel,Robin
Noel,Marlin
Quinn,Karli
Robin,Dominique
Robin,Noel
Robin,Lucian
Robin,Remy
Robin,Luca
Remy,Noel
Remy,Kim
Remy,Jule
Remy,Jamie
Remy,Gerit
Sam,Marlin
Sam,Dominique
Sam,Lucian
Sam,Robin
Sam,Luca
Sanja,Luca
Sanja,Lee
Sanja,Alexis
Sanja,Sascha
Sascha,Alexis
Sascha,Lee
Sascha,Sanja
Sascha,Conny
Sascha,Charlie
Tomke,Ulli
Tomke,Karli
Tomke,Lee
Tomke,Conny
Tomke,Luca
Ulli,Karli
Ulli,Luca
Ulli,Momo
Ulli,Quinn
Ulli,Tomke
Yael,Adrian
Yael,Elia
Yael,Janne
Yael,Conny
Yael,Quinn
